title,description
Breaking News: Market hits all-time high,Investors are thrilled as stocks reach new heights.
Sports Update: Local team wins championship,Celebrations erupt as the local team secures the title.
Weather Alert: Heavy rain expected tomorrow,Citizens advised to prepare for potential flooding.
Economy slows down in the last quarter,Experts predict further decline in the coming months.
New Study Reveals Health Benefits of Coffee,Researchers find that coffee consumption may improve longevity.
Festival Brings Joy to the City,People gather to celebrate cultural diversity and unity.
Election Results: New Leader Elected,The nation reacts to the election of a new leader.
Tech Giant Releases Innovative Product,Consumers excited about the latest groundbreaking technology.
Healthcare Advances Lead to Longer Lives,Medical breakthroughs contribute to increased life expectancy.
Education Reform Proposed by Government,Proposed changes aim to improve educational outcomes.
