title,description,sentiment
Breaking News: Market hits all-time high,Investors are thrilled as stocks reach new heights.,0.4588
Sports Update: Local team wins championship,Celebrations erupt as the local team secures the title.,0.836
Weather Alert: Heavy rain expected tomorrow,Citizens advised to prepare for potential flooding.,0.296
Economy slows down in the last quarter,Experts predict further decline in the coming months.,0.0
New Study Reveals Health Benefits of Coffee,Researchers find that coffee consumption may improve longevity.,0.6705
Festival Brings Joy to the City,People gather to celebrate cultural diversity and unity.,0.8934
Election Results: New Leader Elected,The nation reacts to the election of a new leader.,0.0
Tech Giant Releases Innovative Product,Consumers excited about the latest groundbreaking technology.,0.6486
Healthcare Advances Lead to Longer Lives,Medical breakthroughs contribute to increased life expectancy.,0.2732
Education Reform Proposed by Government,Proposed changes aim to improve educational outcomes.,0.4404
