id,timestamp
abc-news,12/2/2024 15:57
abc-news-au,12/2/2024 15:57
al-jazeera-english,12/3/2024 11:38
aftenposten,12/3/2024 11:38
ary-news,12/3/2024 11:48
ars-technica,12/3/2024 11:48
argaam,12/3/2024 12:08
ansa,12/3/2024 12:08
bleacher-report,12/3/2024 12:11
blasting-news-br,12/3/2024 12:11
bbc-news,12/3/2024 12:12
axios,12/3/2024 12:12
bbc-sport,12/3/2024 12:14
bild,12/3/2024 12:14
australian-financial-review,12/3/2024 12:29
associated-press,12/3/2024 12:29
australian-financial-review,12/3/2024 12:31
associated-press,12/3/2024 12:31
australian-financial-review,12/3/2024 12:31
associated-press,12/3/2024 12:31
australian-financial-review,12/3/2024 12:32
associated-press,12/3/2024 12:32
australian-financial-review,12/3/2024 12:33
associated-press,12/3/2024 12:33
australian-financial-review,12/3/2024 12:33
associated-press,12/3/2024 12:33
australian-financial-review,12/3/2024 12:38
associated-press,12/3/2024 12:38
espn-cric-info;2024-12-03 12:46:21
espn;2024-12-03 12:46:21
espn-cric-info,2024-12-03 14:52:14
espn,2024-12-03 14:52:14
cnn-es,2024-12-03 14:52:22
cnn,2024-12-03 14:52:23
crypto-coins-news,2024-12-03 14:58:58
der-tagesspiegel,2024-12-03 14:58:58
cbs-news,2024-12-03 14:58:59
cbc-news,2024-12-03 14:58:59
el-mundo,2024-12-03 14:58:59
die-zeit,2024-12-03 14:58:59
entertainment-weekly,2024-12-03 14:59:00
engadget,2024-12-03 14:59:00
buzzfeed,2024-12-03 14:59:00
business-insider,2024-12-03 14:59:01
breitbart-news,2024-12-03 14:59:01
bloomberg,2024-12-03 14:59:01
google-news-ru,2024-12-03 14:59:01
google-news-it,2024-12-03 14:59:02
handelsblatt,2024-12-03 14:59:02
hacker-news,2024-12-03 14:59:02
google-news-in,2024-12-03 14:59:02
google-news-is,2024-12-03 14:59:03
google-news-fr,2024-12-03 14:59:03
google-news-ca,2024-12-03 14:59:04
google-news-ar,2024-12-03 14:59:04
google-news,2024-12-03 14:59:04
google-news-br,2024-12-03 14:59:05
google-news-au,2024-12-03 14:59:05
fox-sports,2024-12-03 14:59:05
globo,2024-12-03 14:59:05
fox-news,2024-12-03 14:59:05
four-four-two,2024-12-03 14:59:06
football-italia,2024-12-03 14:59:06
fortune,2024-12-03 14:59:06
financial-post,2024-12-03 14:59:06
focus,2024-12-03 14:59:06
independent,2024-12-03 14:59:06
info-money,2024-12-03 14:59:07
ign,2024-12-03 14:59:07
il-sole-24-ore,2024-12-03 14:59:07
google-news-sa,2024-12-03 14:59:08
google-news-uk,2024-12-03 14:59:08
goteborgs-posten,2024-12-03 14:59:08
gruenderszene,2024-12-03 14:59:08
infobae,2024-12-03 14:59:08
la-gaceta,2024-12-03 14:59:08
next-big-future,2024-12-03 14:59:09
newsweek,2024-12-03 14:59:09
news24,2024-12-03 14:59:09
news-com-au,2024-12-03 14:59:09
new-york-magazine,2024-12-03 14:59:09
new-scientist,2024-12-03 14:59:10
nbc-news,2024-12-03 14:59:10
national-review,2024-12-03 14:59:10
national-geographic,2024-12-03 14:59:10
mtv-news-uk,2024-12-03 14:59:11
mtv-news,2024-12-03 14:59:11
msnbc,2024-12-03 14:59:11
medical-news-today,2024-12-03 14:59:11
mashable,2024-12-03 14:59:11
marca,2024-12-03 14:59:11
liberation,2024-12-03 14:59:12
les-echos,2024-12-03 14:59:12
lequipe,2024-12-03 14:59:12
lenta,2024-12-03 14:59:12
le-monde,2024-12-03 14:59:12
la-repubblica,2024-12-03 14:59:13
la-nacion,2024-12-03 14:59:13
rte,2024-12-04 13:14:16
rtl-nieuws,2024-12-04 13:14:17
spiegel-online,2024-12-04 13:50:01
sabq,2024-12-04 13:50:02
t3n,2024-12-04 13:50:02
svenska-dagbladet,2024-12-04 13:50:02
talksport,2024-12-04 13:50:03
techcrunch,2024-12-04 13:50:03
techradar,2024-12-04 13:50:03
techcrunch-cn,2024-12-04 13:50:03
the-hill,2024-12-04 13:50:04
the-hindu,2024-12-04 13:50:04
the-american-conservative,2024-12-04 13:50:04
the-globe-and-mail,2024-12-04 13:50:05
the-huffington-post,2024-12-04 13:50:05
the-irish-times,2024-12-04 13:50:05
the-lad-bible,2024-12-04 13:50:06
the-jerusalem-post,2024-12-04 13:50:06
the-washington-times,2024-12-04 13:50:06
time,2024-12-04 13:50:06
the-next-web,2024-12-04 13:50:07
the-sport-bible,2024-12-04 13:50:07
the-times-of-india,2024-12-04 13:50:07
the-verge,2024-12-04 13:50:07
nfl-news,2024-12-04 13:50:07
nhl-news,2024-12-04 13:50:08
the-washington-post,2024-12-04 13:50:08
the-wall-street-journal,2024-12-04 13:50:08
xinhua-net,2024-12-04 13:50:09
wirtschafts-woche,2024-12-04 13:50:09
vice-news,2024-12-04 13:50:09
usa-today,2024-12-04 13:50:09
wired-de,2024-12-04 13:50:10
wired,2024-12-04 13:50:10
reuters,2024-12-04 13:50:10
rt,2024-12-04 13:50:10
reddit-r-all,2024-12-04 13:50:10
recode,2024-12-04 13:50:10
rbc,2024-12-04 13:50:11
polygon,2024-12-04 13:50:11
politico,2024-12-04 13:50:11
nrk,2024-12-04 13:50:11
ynet,2024-12-04 13:50:11
abc-news,2024-12-04 13:50:12
aftenposten,2024-12-04 13:50:12
abc-news-au,2024-12-04 13:50:12
ansa,2024-12-04 13:50:12
argaam,2024-12-04 13:50:12
ars-technica,2024-12-04 13:50:12
al-jazeera-english,2024-12-04 13:50:13
crypto-coins-news,2024-12-04 13:50:13
der-tagesspiegel,2024-12-04 13:50:13
business-insider,2024-12-04 13:50:13
buzzfeed,2024-12-04 13:50:14
cbc-news,2024-12-04 13:50:14
cbs-news,2024-12-04 13:50:14
cnn,2024-12-04 13:50:14
cnn-es,2024-12-04 13:50:14
bbc-news,2024-12-04 13:50:14
axios,2024-12-04 13:50:15
bild,2024-12-04 13:50:15
bbc-sport,2024-12-04 13:50:15
blasting-news-br,2024-12-04 13:50:15
bleacher-report,2024-12-04 13:50:15
breitbart-news,2024-12-04 13:50:15
ary-news,2024-12-04 13:50:16
espn-cric-info;2024-12-03 12:46:21,2024-12-04 13:50:16
espn;2024-12-03 12:46:21,2024-12-04 13:50:16
la-gaceta,2024-12-04 13:50:16
infobae,2024-12-04 13:50:16
il-sole-24-ore,2024-12-04 13:50:17
ign,2024-12-04 13:50:17
info-money,2024-12-04 13:50:17
independent,2024-12-04 13:50:17
gruenderszene,2024-12-04 13:50:17
goteborgs-posten,2024-12-04 13:50:17
google-news-uk,2024-12-04 13:50:18
google-news-sa,2024-12-04 13:50:18
google-news-ru,2024-12-04 13:50:18
google-news-it,2024-12-04 13:50:18
handelsblatt,2024-12-04 13:50:18
hacker-news,2024-12-04 13:50:18
google-news-fr,2024-12-04 13:50:19
google-news-ca,2024-12-04 13:50:19
google-news-br,2024-12-04 13:50:19
google-news-au,2024-12-04 13:50:19
google-news-ar,2024-12-04 13:50:19
google-news,2024-12-04 13:50:20
globo,2024-12-04 13:50:20
fox-sports,2024-12-04 13:50:20
fox-news,2024-12-04 13:50:20
four-four-two,2024-12-04 13:50:20
fortune,2024-12-04 13:50:20
football-italia,2024-12-04 13:50:21
focus,2024-12-04 13:50:21
financial-post,2024-12-04 13:50:21
google-news-is,2024-12-04 13:50:21
google-news-in,2024-12-04 13:50:21
espn,2024-12-09 16:52:45
die-zeit,2024-12-09 16:52:45
el-mundo,2024-12-09 16:53:07
espn-cric-info,2024-12-09 16:53:07
entertainment-weekly,2024-12-09 18:09:33
engadget,2024-12-09 18:09:33
bloomberg,2024-12-09 18:09:45
wirtschafts-woche,2024-12-09 18:09:45
rt,2024-12-09 18:13:48
xinhua-net,2024-12-09 18:13:49
rte,2024-12-09 18:16:31
reuters,2024-12-09 18:16:31
rtl-nieuws,2024-12-09 18:16:47
sabq,2024-12-09 18:16:52
spiegel-online,2024-12-09 18:47:00
talksport,2024-12-09 18:47:01
t3n,2024-12-09 18:50:31
techcrunch,2024-12-09 18:50:32
svenska-dagbladet,2024-12-09 18:50:58
the-huffington-post,2024-12-09 18:50:58
the-globe-and-mail,2024-12-09 18:51:37
the-irish-times,2024-12-09 18:51:37
the-hill,2024-12-09 18:54:23
the-american-conservative,2024-12-09 18:54:23
techradar,2024-12-09 19:03:29
the-hindu,2024-12-09 19:03:29
techcrunch-cn,2024-12-09 19:04:07
the-wall-street-journal,2024-12-09 19:04:07
the-washington-times,2024-12-09 19:11:26
the-washington-post,2024-12-09 19:11:27
time,2024-12-09 19:12:50
usa-today,2024-12-09 19:12:50
vice-news,2024-12-09 19:13:12
wired,2024-12-09 19:13:12
the-sport-bible,2024-12-09 19:13:28
wired-de,2024-12-09 19:13:28
the-times-of-india,2024-12-09 19:16:51
the-next-web,2024-12-09 19:16:51
the-lad-bible,2024-12-09 19:17:02
the-verge,2024-12-09 19:17:02
nbc-news,2024-12-09 19:18:27
the-jerusalem-post,2024-12-09 19:18:27
new-scientist,2024-12-09 19:19:45
national-review,2024-12-09 19:19:45
new-york-magazine,2024-12-09 19:20:00
news-com-au,2024-12-09 19:20:00
news24,2024-12-09 19:25:28
nfl-news,2024-12-09 19:25:28
next-big-future,2024-12-09 19:26:34
nhl-news,2024-12-09 19:26:34
newsweek,2024-12-09 19:27:26
polygon,2024-12-09 19:27:26
recode,2024-12-09 19:32:13
rbc,2024-12-09 19:32:13
politico,2024-12-09 19:36:20
reddit-r-all,2024-12-09 19:36:21
marca,2024-12-09 19:38:15
nrk,2024-12-09 19:38:16
